material_id,formula,composition,symmetry,a,b,c,alpha,beta,gamma,num_atoms,crystal_system
mp-1190568,BaSO4,Ba4 S4 O16,P2_12_12_1,6.285106,7.075759,8.006934,90.0,90.0,90.0,24,orthorhombic
mp-3164,BaSO4,Ba4 S4 O16,Pnma,5.46903188,7.18825422,8.91393949,90.0,90.0,90.0,24,orthorhombic
mp-3307,BaSO4,Ba1 S1 O4,F-43m,5.230864840234357,5.230864840234357,5.230864840234357,60.00000000000001,60.00000000000001,60.00000000000001,6,cubic
mp-1009551,PbS,Pb1 S1,P-6m2,4.089697686666461,4.089697686666461,3.788167,90.0,90.0,119.99999493117048,2,hexagonal
mp-1012435,PbS,Pb2 S2,Cmc2_1,4.11388368,4.116570200301734,7.55994474,90.0,90.0,119.97842247244894,4,orthorhombic
mp-1018019,PbS,Pb2 S2,P6_3/mmc,4.12227102,4.115957417905616,7.34953648,90.0,90.0,120.05077161716935,4,hexagonal
mp-1018115,PbS,Pb2 S2,Cmcm,4.15990539,4.27932094,6.342069342120213,90.0,70.85491945691224,90.0,4,orthorhombic
mp-1057015,PbS,Pb1 S1,R3m,4.225324211223254,4.225323315272559,4.226919432455294,60.01247292977877,60.01248960201871,59.99999600165587,2,trigonal
mp-1078500,PbS,Pb4 S4,Pnma,4.27501809,4.22497401,12.02783561,90.0,90.0,90.0,8,orthorhombic
mp-1078696,PbS,Pb4 S4,P2_1/m,4.124529,6.036538,9.911612738338045,82.86352592577151,90.0,90.0,8,monoclinic
mp-1078944,PbS,Pb4 S4,Pma2,6.145872,6.277372,7.003867,90.0,90.0,90.0,8,orthorhombic
mp-1079101,PbS,Pb4 S4,Amm2,8.057461345594964,8.057461345594964,3.996073,90.0,90.0,103.47871177046203,8,orthorhombic
mp-1079543,PbS,Pb4 S4,Amm2,7.964862502637757,7.964862502637757,4.069928,90.0,90.0,91.1823449133938,8,orthorhombic
mp-1087486,PbS,Pb4 S4,P2_1/m,4.033142,5.945641,10.56022666057907,86.40497488797362,90.0,90.0,8,monoclinic
mp-1091375,PbS,Pb4 S4,Pnma,4.272704,6.077107,8.561955,90.0,90.0,90.0,8,orthorhombic
mp-20526,PbS,Pb2 S2,Aem2,4.221925930588043,4.221925930588043,11.27537033,90.0,90.0,90.06397100953006,4,orthorhombic
mp-21039,PbS,Pb1 S1,Pm-3m,3.653659,3.653659,3.653659,90.0,90.0,90.0,2,cubic
mp-21276,PbS,Pb4 S4,Pnma,4.23050716,5.9824948,8.43319393,90.0,90.0,90.0,8,orthorhombic
mp-2350391,PbS,Pb2 S2,Aem2,4.250104970827489,4.250104970827489,11.29827708,90.0,90.0,90.03442690719433,4,orthorhombic
mp-557719,PbS,Pb4 S4,Cmce,4.219610360684357,4.219610360684357,32.51740387,90.0,90.0,89.99979184130217,8,orthorhombic
mp-561320,PbS,Pb2 S2,C2,4.220106196338464,4.220106196338464,22.305587711125067,86.18752376818051,86.18752376818051,90.04768115837253,4,monoclinic
mp-726184,PbS,Pb2 S2,C2/m,4.2213156076828415,4.2213156076828415,16.565985581150283,86.90088209033271,86.90088209033271,89.99205920664649,4,monoclinic
mp-727323,PbS,Pb2 S2,C2/m,4.21913274285933,4.21913274285933,11.221754052269675,86.02958961685468,86.02958961685468,89.98143014104568,4,monoclinic
mp-1096975,FeCuS2,Fe1 Cu1 S2,R3m,6.242155249766222,6.242155249766222,6.242154736857217,31.701247597867827,31.701247597867827,31.70125141395517,4,trigonal
mp-1224949,FeCuS2,Fe1 Cu1 S2,P-4m2,3.636719,3.636719,5.323164,90.0,90.0,90.0,4,tetragonal
mp-3497,FeCuS2,Fe2 Cu2 S4,I-42d,6.3257644731825895,6.3257644731825895,6.3257644731825895,130.82950969293637,130.82950969293637,72.08409267474902,8,tetragonal
mp-640073,FeCuS2,Fe1 Cu1 S2,P-4m2,3.705381,3.705381,5.213413,90.0,90.0,90.0,4,tetragonal
mp-753211,FeCuS2,Fe1 Cu1 S2,P3m1,3.8057417815456165,3.8057417815456165,6.253141,90.0,90.0,119.999996202363,4,trigonal
mp-1383615,FeS2,Fe2 S4,I-42d,6.048309425721538,6.048309425721538,6.048309425721538,128.32192255935513,128.32192255935513,76.10410368403012,6,tetragonal
mp-1393120,FeS2,Fe4 S8,R-3m,6.670352814004518,6.670352814004518,6.670352785854883,58.455447542695524,58.455447542695524,58.455445486375666,12,trigonal
mp-1404610,FeS2,Fe4 S8,Fd-3m,6.574028313233827,6.574028313233827,6.574028313233827,59.99999999999999,59.99999999999999,59.99999999999999,12,cubic
mp-1430160,FeS2,Fe1 S2,R-3m,7.452298887788183,7.452298887788183,7.452298566092074,24.802769495599595,24.802769495599595,24.80277346323561,3,trigonal
mp-1522,FeS2,Fe2 S4,Pnnm,3.37769817,4.42562487,5.39652822,90.0,90.0,90.0,6,orthorhombic
mp-226,FeS2,Fe4 S8,Pa-3,5.3968238,5.3968238,5.3968238,90.0,90.0,90.0,12,cubic
mp-615366,FeS2,Fe4 S8,Pcca,5.688319,5.767435,6.515493,90.0,90.0,90.0,12,orthorhombic
mp-850009,FeS2,Fe4 S8,P2/c,5.673643,5.75574,6.419142644272676,87.82262388995453,90.0,90.0,12,monoclinic
mp-31770,Fe3O4,Fe6 O8,Cc,6.072216234028643,6.084769576174763,6.048618650223289,60.10092979504003,59.26280074884335,59.66409828496854,14,monoclinic
mp-1271729,Fe3O4,Fe12 O16,P1,6.071789859569582,6.0907364759124984,10.501031030036003,89.78676563146183,73.12446405952274,59.57543614872822,28,triclinic
mp-1181546,Fe3O4,Fe12 O16,P2/m,6.057162,6.119299,8.56245749131784,89.59256383710984,90.0,90.0,28,monoclinic
mp-715614,Fe3O4,Fe6 O8,C2/m,6.0077286583863785,6.0077286583863785,5.049538852083921,77.02659664127862,77.02659664127862,59.566730520266425,14,monoclinic
mp-650112,Fe3O4,Fe24 O32,Pbcm,6.06196,6.08553,17.162276,90.0,90.0,90.0,56,orthorhombic
mp-1379262,Fe3O4,Fe24 O32,Pm,6.091477,6.092231,16.978598732584324,89.84056737313618,90.0,90.0,56,monoclinic
mp-505595,Fe3O4,Fe12 O16,P2_1,3.0127800167825063,10.056886,10.46110309760161,90.0,90.0138742663157,90.0,28,monoclinic
mp-1104628,Fe3O4,Fe6 O8,Pmma,3.297483,12.184029,5.899151,90.0,90.0,90.0,14,orthorhombic
mp-715275,Fe3O4,Fe12 O16,Pc,2.955816,9.795448004795697,10.005483184941044,90.28720356314119,90.0,90.0,28,monoclinic
mp-1181570,Fe3O4,Fe12 O16,Pc,2.933176,9.868186,9.993335726344434,89.96632201324404,90.0,90.0,28,monoclinic
mp-19306,Fe3O4,Fe6 O8,Fd-3m,5.971798531799201,5.97028596864065,5.970067603662706,60.0194976112138,59.99471753942276,59.990501183689,14,cubic
mp-1185276,Fe3O4,Fe24 O32,P1,6.1060358555128875,6.106173092833678,17.060462218148547,90.0023284141446,90.10718363564655,90.01992848121564,56,triclinic
mp-1181657,Fe3O4,Fe12 O16,P2/m,6.06571,6.063353,8.685384314134005,89.7900430436049,90.0,90.0,28,monoclinic
mp-1181813,Fe3O4,Fe24 O32,Pmc2_1,6.088172,6.089138,17.292733,90.0,90.0,90.0,56,orthorhombic
mp-715811,Fe3O4,Fe12 O16,P2/m,6.007113,6.1217044419920335,8.509232119091005,90.50376524875348,90.0,90.0,28,monoclinic
mp-611817,Fe3O4,Fe6 O8,F-43m,6.432635241267766,6.432635241267766,6.432635241267766,60.00000000000001,60.00000000000001,60.00000000000001,14,cubic
mp-18731,Fe3O4,Fe6 O8,Cmcm,5.110714108624743,5.110714108624743,10.001101,90.0,90.0,146.42714176035417,14,orthorhombic
mp-1192788,Fe3O4,Fe12 O16,Pbcm,2.958639,9.801502,10.001722,90.0,90.0,90.0,28,orthorhombic
mp-1182229,Fe3O4,Fe24 O32,P1,6.092230262762644,6.0914771978062925,16.978598990330326,90.0908186637842,89.84056887434528,90.20343749485542,56,triclinic
mp-1271821,Fe3O4,Fe12 O16,P-1,6.046562553800382,10.499344679905837,6.03521649765723,73.56067705310865,119.77440422565296,89.78260488346658,28,triclinic
mp-715438,Fe3O4,Fe6 O8,P1,2.942670937785603,5.098815654836817,9.990261883669017,90.10936990302436,90.23295843123637,73.2770870580854,14,triclinic
mp-1182249,Fe3O4,Fe24 O32,P1,6.077831,6.090047280989697,17.20899669709309,90.14116467546108,90.01316115183202,90.06793591276373,56,triclinic
mp-715558,Fe3O4,Fe12 O16,P2/m,6.016886,6.103622924773286,8.524366487318574,89.55849221455115,90.0,90.0,28,monoclinic
mp-705416,Fe3O4,Fe24 O32,Pbcm,5.923972,6.61708,16.132684,90.0,90.0,90.0,56,orthorhombic
mp-612405,Fe3O4,Fe6 O8,Cm,5.921148183572,5.921148183572,5.100765978964728,75.80183402143273,75.80183402143273,60.632059894872434,14,monoclinic
mp-716052,Fe3O4,Fe12 O16,P2/m,5.988544,6.116787887630238,8.53488854395141,90.1013895641028,90.0,90.0,28,monoclinic
mp-1271978,Fe3O4,Fe12 O16,P1,6.073977571829023,6.063438563782517,10.506512215487545,89.34312782528691,72.73995396148534,59.809482840120076,28,triclinic
mp-510252,Fe3O4,Fe12 O16,Pmma,6.045356,6.097081,8.576026,90.0,90.0,90.0,28,orthorhombic
mp-1181340,Fe3O4,Fe3 O4,P2/m,3.058813,5.142692,5.225572968812702,74.8763351218176,90.0,90.0,7,monoclinic
mp-10464,CaF2,Ca4 F8,Pnma,3.56361707,5.92909833,6.99178186,90.0,90.0,90.0,12,orthorhombic
mp-2741,CaF2,Ca1 F2,Fm-3m,3.9004376588845773,3.900437628174305,3.900438,59.9999968465346,59.99999710698939,60.00000270739696,3,cubic
mp-554355,CaF2,Ca1 F2,P4/mmm,3.749573,3.749573,3.022894,90.0,90.0,90.0,3,tetragonal
mp-560030,CaF2,Ca2 F4,Pmc2_1,3.532502,4.167439,5.977778,90.0,90.0,90.0,6,orthorhombic
mp-1068212,Fe2O3,Fe2 O3,Pm-3m,3.788512,3.788512,3.788512,90.0,90.0,90.0,5,cubic
mp-1078361,Fe2O3,Fe4 O6,Cmcm,4.975465898159186,4.975465898159186,7.311786,90.0,90.0,146.445728134035,10,orthorhombic
mp-1178392,Fe2O3,Fe16 O24,Pbca,5.164835,5.4072,15.050912,90.0,90.0,90.0,40,orthorhombic
mp-1181824,Fe2O3,Fe4 O6,C2/c,14.684251389603386,5.355048445905975,7.809770445585197,131.67234255118046,160.07180482379349,44.99101442550031,10,monoclinic
mp-1205415,Fe2O3,Fe8 O12,Pnma,5.036462,5.265405,7.774239,90.0,90.0,90.0,20,orthorhombic
mp-1244869,Fe2O3,Fe32 O48,P1,10.651935962999309,9.692614337615522,9.524755468954046,87.46853295674356,89.30300676849234,89.15374467010294,80,triclinic
mp-1244911,Fe2O3,Fe32 O48,P1,8.647561134879243,10.935362792783604,10.375002320976993,89.30778347266276,91.84781312904525,93.81732083343658,80,triclinic
mp-1245019,Fe2O3,Fe32 O48,P1,9.256092057898138,10.281263521524336,10.88277649521031,86.61346245400564,98.21484333287647,88.0423396840657,80,triclinic
mp-1245078,Fe2O3,Fe32 O48,P1,10.022169212903263,10.81936465016819,9.821237955810002,90.87513816967355,93.3126395443452,95.46998238063937,80,triclinic
mp-1245084,Fe2O3,Fe32 O48,P1,10.68395233909859,9.802784113580689,10.670256069318206,96.54510608027773,91.4488892559167,101.08004957519307,80,triclinic
mp-1245154,Fe2O3,Fe32 O48,P1,10.329602061632917,10.335185292968339,10.037996519193559,85.59534356964038,83.42412517726588,84.45694404321854,80,triclinic
mp-1245277,Fe2O3,Fe32 O48,P1,10.266272932957607,10.232950297966273,10.387775044188722,90.44555305087619,93.12564457180335,87.33796388485554,80,triclinic
mp-1356129,Fe2O3,Fe16 O24,C2,8.233473765526918,8.233473765526918,9.492212841434025,54.80432634505185,54.80432634505185,70.17763753567169,40,monoclinic
mp-1378486,Fe2O3,Fe8 O12,Cmcm,5.179549503791328,5.179549503791328,15.917065,90.0,90.0,146.10755452983759,20,orthorhombic
mp-1456,Fe2O3,Fe64 O96,P4_12_12,8.525216,8.525216,25.593016,90.0,90.0,90.0,160,tetragonal
mp-19770,Fe2O3,Fe4 O6,R-3c,5.0918936441581,5.452029995907517,5.091910452974928,62.16260543536898,119.98513390956242,117.83716377417755,10,trigonal
mp-510080,Fe2O3,Fe8 O12,Pbcn,5.172711,5.324735,7.524441,90.0,90.0,90.0,20,orthorhombic
mp-542896,Fe2O3,Fe16 O24,Pna2_1,5.215337,8.952474,9.595519,90.0,90.0,90.0,40,orthorhombic
mp-557546,Fe2O3,Fe12 O18,P3,5.435364603779584,5.435364603779584,15.040001,90.0,90.0,120.00000734922824,30,trigonal
mp-565814,Fe2O3,Fe16 O24,Ia-3,8.275837485460128,8.275837485460128,8.275837485460128,109.47122063449069,109.47122063449069,109.47122063449069,40,cubic
mp-685153,Fe2O3,Fe64 O96,P1,8.476291869598263,8.45637822757466,25.290790949373434,89.99913363617974,90.06765391112022,90.00874697832552,160,triclinic
mp-705547,Fe2O3,Fe16 O24,Cm,5.990346283276953,5.990346283276953,14.609223792980824,89.55343777646169,89.55343777646169,60.1934999041342,40,monoclinic
mp-715276,Fe2O3,Fe8 O12,P1,5.144665098551508,5.288384354211597,7.511417450051223,89.69688019155932,90.16386297912857,90.123847639067,20,triclinic
mp-715572,Fe2O3,Fe16 O24,P1,8.094708278607873,8.097404311796073,8.09084062641741,71.21244635735185,109.58068466524898,70.11662548626576,40,triclinic
mp-716814,Fe2O3,Fe12 O18,P3,5.387527903351592,5.387527903351592,14.810113,90.0,90.0,119.99999881314635,30,trigonal
mp-776606,Fe2O3,Fe16 O24,P1,5.142575,5.383258536855257,14.90158229174704,89.60904208723183,89.98588135807445,89.83420866807027,40,triclinic
mp-1079918,CaCO3,Ca2 C2 O6,P-1,3.8333788262494353,5.029813997053951,6.523390069641564,95.8906244655044,106.06120311891681,90.33384170866442,10,triclinic
mp-1188902,CaCO3,Ca4 C4 O12,P-1,6.20672572330252,6.436406302901548,6.431665878653726,93.83778905094299,106.71866540764897,106.17507621803857,20,triclinic
mp-1194399,CaCO3,Ca6 C6 O18,C2/c,7.125381870133418,7.125381870133418,9.413902438933343,68.34036705268743,68.34036705268743,60.54706716276775,30,monoclinic
mp-1197230,CaCO3,Ca10 C10 O30,P-1,6.393639,7.697011567623178,12.741713044671897,93.770954714076,98.92079030867379,106.22137434869701,50,triclinic
mp-1197939,CaCO3,Ca18 C18 O54,P-1,7.228084,7.263453560252245,26.00444062290602,82.20230341184903,82.3513248358097,60.19834816104551,90,triclinic
mp-2717324,CaCO3,Ca3 C3 O9,C2,4.997993421622983,4.997993421622983,8.595774497887527,89.51617990848233,89.51617990848233,59.76450851658271,15,monoclinic
mp-3205,CaCO3,Ca2 C2 O6,Pmmn,4.343253,4.961191,5.140678,90.0,90.0,90.0,10,orthorhombic
mp-3953,CaCO3,Ca2 C2 O6,R-3c,6.35844783330001,6.3584472487227615,6.358445890476541,46.37140907204019,46.371422599020434,46.37141313904021,10,trigonal
mp-4626,CaCO3,Ca4 C4 O12,Pnma,5.016055,5.812071,8.034798,90.0,90.0,90.0,20,orthorhombic
mp-548403,CaCO3,Ca2 C2 O6,C222_1,5.418571839968997,5.418571839968997,3.78627,90.0,90.0,109.56616879749961,10,orthorhombic
mp-553939,CaCO3,Ca4 C4 O12,Pnma,4.43217633,6.59314591,8.51392996,90.0,90.0,90.0,20,orthorhombic
mp-556235,CaCO3,Ca4 C4 O12,P2_1/c,5.02851577,6.341896956736782,8.034803837194422,72.94075117142117,90.0,90.0,20,monoclinic
mp-560265,CaCO3,Ca18 C18 O54,P6_522,7.283349892046997,7.283349892046997,25.567819,90.0,90.0,119.99999901939171,90,hexagonal
mp-561412,CaCO3,Ca3 C3 O9,C2,5.040837189496701,5.040837189496701,8.744577875671357,89.35453169908246,89.35453169908246,59.596677624415086,15,monoclinic
mp-641635,CaCO3,Ca4 C4 O12,Pnma,3.633017,7.76828,10.858715,90.0,90.0,90.0,20,orthorhombic
mp-696740,CaCO3,Ca2 C2 O6,C2/c,4.91782335205851,4.91782335205851,5.473712677759127,71.71716615590691,71.71716615590691,79.70982188501856,10,monoclinic
mp-10064,SiO2,Si1 O2,Fm-3m,3.240551584238708,3.240551584238708,3.240551584238708,60.00000000000001,60.00000000000001,60.00000000000001,3,cubic
mp-1021503,SiO2,Si2 O4,Pn-3m,3.807044,3.807044,3.807044,90.0,90.0,90.0,6,cubic
mp-1071820,SiO2,Si2 O4,Ibam,5.06823948025081,5.06823948025081,5.06823948025081,127.67229375361173,124.59371306588459,79.69443472897133,6,orthorhombic
mp-10851,SiO2,Si3 O6,P6_422,5.06052279,5.0605216667359585,5.54135331,90.0,90.0,119.9999944475218,9,hexagonal
mp-10948,SiO2,Si4 O8,Pbcn,4.114123,4.527163,5.081248,90.0,90.0,90.0,12,orthorhombic
mp-11684,SiO2,Si8 O16,C2/c,7.133126164920701,7.136336831953809,7.150973354114773,60.06770040858932,75.79472257574415,60.5410257397442,24,monoclinic
mp-1179447,SiO2,Si8 O16,I4_1/amd,10.212977444984327,10.212977444984327,10.212977444984327,139.1880767523564,139.1880767523564,59.08818889338287,24,tetragonal
mp-1179454,SiO2,Si4 O8,I4/mmm,6.842487646038016,6.842487646038016,6.842487646038016,98.37747437158608,98.37747437158608,135.12208139521246,12,tetragonal
mp-1179488,SiO2,Si28 O56,C2/m,9.525160248553565,9.525160248553565,18.960420177926437,78.07555661804209,78.07555661804209,57.952284915723844,84,monoclinic
mp-1179529,SiO2,Si12 O24,P4_12_12,9.822645,9.822645,9.90612649,90.0,90.0,90.0,36,tetragonal
mp-1188220,SiO2,Si6 O12,I-43m,7.722333508665338,7.722333508665338,7.722333508665338,109.47122063449069,109.47122063449069,109.47122063449069,18,cubic
mp-1195265,SiO2,Si96 O192,P-1,20.37203938985524,19.99454506474676,13.541040180377726,89.99882124916441,89.98015501341996,90.0058126444171,288,triclinic
mp-1199998,SiO2,Si38 O76,C2/m,12.539085932333744,14.094968,16.2867157096344,115.63989807962298,103.67243219954032,90.0,114,monoclinic
mp-1200292,SiO2,Si96 O192,P2_1/c,13.606316165770926,20.242473938916174,20.47811106,90.0,90.0,90.63841736463414,288,monoclinic
mp-1200685,SiO2,Si16 O32,C222,8.194867494147603,8.194867494147603,14.168736,90.0,90.0,101.97162578570224,48,orthorhombic
mp-1201738,SiO2,Si32 O64,P2_1/c,24.998059,7.226313,7.252590691905686,60.33262623559804,90.0,90.0,96,monoclinic
mp-1201887,SiO2,Si24 O48,P6/mcc,13.932699,13.932698509866709,8.619332,90.0,90.0,119.99999878944809,72,hexagonal
mp-1203655,SiO2,Si48 O96,P4/mbm,15.485202,15.485202,12.009347,90.0,90.0,90.0,144,tetragonal
mp-1204026,SiO2,Si48 O96,Ia-3d,13.4688410397986,13.4688410397986,13.4688410397986,109.47122063449069,109.47122063449069,109.47122063449069,144,cubic
mp-1204057,SiO2,Si72 O144,P6/mmm,14.467833944515537,14.46776839913536,25.354051500067133,89.9998680911064,90.0002638442968,120.0001510963674,216,hexagonal
mp-1204070,SiO2,Si18 O36,P-1,8.323067,8.324509887082241,10.426844702671897,89.72019621052478,89.65129450704802,60.02712878358751,54,triclinic
mp-1205213,SiO2,Si72 O144,Pmmm,14.43627786,14.50930019,19.18861572,90.0,90.0,90.0,216,orthorhombic
mp-12350,SiO2,Si8 O16,Fd-3m,10.813406409664717,10.813406409664717,10.813406409664717,59.99999999999999,59.99999999999999,59.99999999999999,24,cubic
mp-1244945,SiO2,Si30 O60,P1,11.235750608376629,11.120069860429991,11.50748520508757,90.4071915119544,90.74703849019814,89.5838963676523,90,triclinic
mp-1244965,SiO2,Si34 O68,P1,10.788564647615951,12.2235384147255,12.477390716966122,89.00611698741484,92.52710560660329,89.1413633926682,102,triclinic
mp-1244968,SiO2,Si34 O68,P1,12.315327146001557,11.882673148315515,11.564407166729403,86.80189822279597,86.78198931498069,88.80508687248297,102,triclinic
mp-1245026,SiO2,Si34 O68,P1,11.420681441292716,11.607798586200897,12.380033342831819,94.95090489473972,91.35904043864583,95.61624678778878,102,triclinic
mp-1248957,SiO2,Si32 O64,C2/m,14.186317802843279,18.607185280000518,7.527594035637345,90.00001817439565,99.76723489978153,90.00001659070438,96,monoclinic
mp-1249090,SiO2,Si34 O68,P6_3/m,13.23330494001992,13.233280450934638,15.806334251260235,89.99867028078845,90.00017958655724,119.99997406554,102,hexagonal
mp-1249332,SiO2,Si36 O72,P6_3/mmc,13.134541470240222,13.134542786308407,15.333216550038557,90.0002331115981,89.99979008660196,120.00065725450597,108,hexagonal
mp-1249637,SiO2,Si56 O112,C2/m,22.815950224907997,13.604128550001162,12.573582169877257,89.9999648437067,69.38730945238632,90.00001727714935,168,monoclinic
mp-1249969,SiO2,Si20 O40,P-1,13.00152069041327,11.133480996234853,9.298047684354744,92.30469030206748,107.56189539779982,103.36720593421691,60,triclinic
mp-1250261,SiO2,Si18 O36,P-6m2,13.034195350124174,13.03434874864796,7.5968293108389595,89.99873324652677,89.99964009296289,119.9992619189964,54,hexagonal
mp-1250551,SiO2,Si112 O224,Cmce,13.85788285000012,24.31510144000011,18.380142450000143,90.00000671271499,90.00001255018272,90.00000852362139,336,orthorhombic
mp-1250639,SiO2,Si120 O240,P1,13.976339322437434,13.976622002084188,41.252553050365485,90.00033295640584,89.99918597620878,120.00103590164005,360,triclinic
mp-1256499,SiO2,Si48 O96,Ia-3d,15.131888904044144,15.131888525192373,15.13188736,109.47122208631897,109.47122156157575,109.47122021964879,144,cubic
mp-1256614,SiO2,Si36 O72,P6_3/mmc,18.19348368018277,18.19362333721249,7.613508060000004,89.99999715912352,89.99999969203455,120.00025969894995,108,hexagonal
mp-1257168,SiO2,Si60 O120,P6_122,12.084896427359146,12.08487434292201,29.960619350013665,90.00176296986653,89.99803849375688,120.00223210058114,180,hexagonal
mp-1258196,SiO2,Si34 O68,P1,13.934355958845119,13.937857348941163,11.323832920392503,90.00536072944098,89.9969089445913,119.97956496030619,102,triclinic
mp-1265115,SiO2,Si8 O16,P1,2.8266158921319677,11.665190893396732,11.754293188470884,89.24322904000792,83.15765941128092,83.21907386429369,24,triclinic
mp-1268079,SiO2,Si64 O128,P2_1/c,13.275447885449514,22.011220262081064,13.937516234449898,90.0004566169863,102.4786567105565,90.00137643520301,192,monoclinic
mp-12787,SiO2,Si6 O12,C2/c,4.842381102645016,7.305841699885126,7.348153338457165,73.26386608451485,70.76177248005698,70.64593517566186,18,monoclinic
mp-1353259,SiO2,Si12 O24,P4_32_12,9.870478,9.870478,9.845242,90.0,90.0,90.0,36,tetragonal
mp-1365799,SiO2,Si16 O32,Imma,15.363224349404945,15.363224349404945,15.363224349404945,109.76827709513068,109.55551357865201,109.0906109227361,48,orthorhombic
mp-1398433,SiO2,Si4 O8,P1,4.933881,6.780527546037698,7.004500801048565,117.20759694088504,96.35381525368547,103.41653065929621,12,triclinic
mp-15078,SiO2,Si18 O36,Immm,12.440989840990941,12.440989840990941,12.440989840990941,144.87375018752962,110.25580126332092,80.5551463747384,54,orthorhombic
mp-16964,SiO2,Si12 O24,Cmc2_1,5.0387274,11.160605686593662,11.160605750506,102.85897923226668,90.0,90.0,36,orthorhombic
mp-17279,SiO2,Si16 O32,C2/m,7.659660899874957,11.547047060735888,11.547047199582908,71.71822606420086,80.61689653362812,80.61689557184505,48,monoclinic
mp-17909,SiO2,Si12 O24,R-3m,9.278056677368427,9.27805687273566,9.278056242377993,94.2349257397064,94.23492573704313,94.23491530819274,36,trigonal
mp-18280,SiO2,Si12 O24,C2/m,7.4628094990725655,9.804906013392184,9.804905136449392,88.26901295996453,81.14990467974881,81.14991689310072,36,monoclinic
mp-2374583,SiO2,Si16 O32,P4/nbm,11.78101882,11.78101882,4.37120546,90.0,90.0,90.0,48,tetragonal
mp-32667,SiO2,Si6 O12,P2_1/c,4.127393,5.075276,6.956685714752751,78.26433983429098,90.0,90.0,18,monoclinic
mp-32895,SiO2,Si48 O96,Fd-3m,17.36890993944502,17.36890993944502,17.36890993944502,60.00000000000001,60.00000000000001,60.00000000000001,144,cubic
mp-34150,SiO2,Si16 O32,C2/m,11.489367716325429,11.489367716325429,10.077450699007661,87.18326784555104,87.18326784555104,132.37966176017844,48,monoclinic
mp-530546,SiO2,Si54 O108,P6/m,17.1772303926142,17.1772303926142,12.881054,90.0,90.0,120.0000015121848,162,hexagonal
mp-532105,SiO2,Si54 O108,P6/mmm,17.294647551823424,17.294647551823424,12.896127,90.0,90.0,119.99999828553179,162,hexagonal
mp-542814,SiO2,Si24 O48,P2_12_12_1,4.90777286,8.25651647,26.43165357,90.0,90.0,90.0,72,orthorhombic
mp-545488,SiO2,Si4 O8,P2/c,4.684498,4.682655,8.328126700475023,66.73678212711339,90.0,90.0,12,monoclinic
mp-545719,SiO2,Si4 O8,I4_122,6.938681961360385,6.938681961360385,6.938681961360385,131.71635117689823,131.71635117689823,70.67738997404787,12,tetragonal
mp-546546,SiO2,Si3 O6,R32,5.284032962894109,5.283815678500441,5.28396580421931,97.59581198841644,97.59514524393057,97.59637142161644,9,trigonal
mp-546794,SiO2,Si2 O4,I-42d,5.062003306895349,5.063597597748786,5.063150532914478,87.5630709899536,121.40630993836493,121.40929448535273,6,tetragonal
mp-553881,SiO2,Si4 O8,Pc,4.251799,4.303705,8.261824055842027,59.54332184781916,90.0,90.0,12,monoclinic
mp-553945,SiO2,Si32 O64,Pmn2_1,5.151374,14.040054,25.843985,90.0,90.0,90.0,96,orthorhombic
mp-553993,SiO2,Si16 O32,I4_1/amd,9.929977424365996,9.93002474804738,12.556164893722249,113.26967763146585,113.26942520319362,90.01480712591011,48,tetragonal
mp-554089,SiO2,Si4 O8,Pna2_1,5.02315223,5.04070642,6.98076509,90.0,90.0,90.0,12,orthorhombic
mp-554151,SiO2,Si4 O8,I-4,5.003834068982469,6.663544799003997,6.663951771401507,81.89814892971192,67.94506859374225,67.94819580757697,12,tetragonal
mp-554175,SiO2,Si16 O32,I4/mcm,11.008326436792107,11.008326436792107,11.008326436792107,103.10988266204673,103.10988266204673,123.1177460825206,48,tetragonal
mp-554243,SiO2,Si6 O12,P6_522,7.30055069,7.300550346820756,7.00512373,90.0,90.0,120.00000160030066,18,hexagonal
mp-554258,SiO2,Si16 O32,I4/mcm,8.991419285103664,10.895608184941704,10.89560654469585,80.19749159393027,65.63067917395844,65.6306757836297,48,tetragonal
mp-554267,SiO2,Si16 O32,I4_1/amd,7.788454544253766,7.788453905190844,14.717125915876894,105.34829430556525,105.34829562204871,90.00212440961474,48,tetragonal
mp-554397,SiO2,Si8 O16,Pcca,4.719159,7.122919,9.774747,90.0,90.0,90.0,24,orthorhombic
mp-554498,SiO2,Si12 O24,P622,13.160408301231387,13.160408301231387,3.889016,90.0,90.0,120.00000151433812,36,hexagonal
mp-554543,SiO2,Si8 O16,I-4c2,8.333258820290784,8.333252734998213,8.333259739350964,105.23885443510825,105.23891716697479,118.31458474093664,24,tetragonal
mp-554573,SiO2,Si4 O8,Ama2,5.055060101855783,5.055059655935801,8.27706003,90.0,90.0,121.21385414211139,12,orthorhombic
mp-554665,SiO2,Si8 O16,P4_2/mcm,8.233705,8.233705,5.560957,90.0,90.0,90.0,24,tetragonal
mp-554682,SiO2,Si48 O96,I-4,15.94091095781938,15.94091095781938,15.94091095781938,100.50687374363416,100.50687374363416,129.44172138234399,144,tetragonal
mp-554755,SiO2,Si32 O64,P4_2/mmc,12.773847,12.773847,13.35445,90.0,90.0,90.0,96,tetragonal
mp-554946,SiO2,Si48 O96,Imm2,15.891229123017798,15.891229123017798,15.891229123017798,129.41273519690776,100.89346804857813,100.14350718295427,144,orthorhombic
mp-555147,SiO2,Si4 O8,Cc,5.358796920090896,5.358797906946451,5.437575283706647,96.57099748228359,96.57100966092483,100.27360076667745,12,monoclinic
mp-555165,SiO2,Si16 O32,I4_1/acd,10.169142800796918,10.169142800796918,10.169142800796918,127.97781363372287,127.97781363372287,76.66097188194115,48,tetragonal
mp-555211,SiO2,Si16 O32,I4/mmm,10.258018935067074,11.262437932160635,11.26243852426166,78.03016092911437,62.90878411013532,62.9087894945824,48,tetragonal
mp-555235,SiO2,Si4 O8,Cc,5.014167544131072,5.014167544131072,8.320052516114202,89.17194457646318,89.17194457646318,119.59550407820512,12,monoclinic
mp-555251,SiO2,Si4 O8,Ima2,5.101448935093631,7.0025210897802825,7.002520884952351,74.90358069848611,68.63808355396968,68.63807549188388,12,orthorhombic
mp-555355,SiO2,Si12 O24,P622,12.746899809907545,12.746899809907545,3.77507,90.0,90.0,119.99999901337458,36,hexagonal
mp-555394,SiO2,Si16 O32,Imm2,15.363224349404945,15.363224349404945,15.363224349404945,109.76827709513068,109.55551357865201,109.0906109227361,48,orthorhombic
mp-555411,SiO2,Si8 O16,Fddd,12.64948957253695,11.895089229626528,5.849576614068406,83.5217674957958,69.12447883959807,27.353753664606153,24,orthorhombic
mp-555483,SiO2,Si4 O8,Fddd,4.719161331322126,5.2735853805419195,7.73162861068729,82.15171897493693,72.23067962557728,63.42083622330274,12,orthorhombic
mp-555497,SiO2,Si24 O48,Ia-3,10.469890329287502,10.469890329287502,10.469890329287502,109.47122063449069,109.47122063449069,109.47122063449069,72,cubic
mp-555521,SiO2,Si32 O64,I4_1/amd,18.886963914729755,18.886963914729755,18.886963914729755,148.0605425949796,148.0605425949796,45.79600069397681,96,tetragonal
mp-555544,SiO2,Si8 O16,Fddd,12.93345242006364,10.668984233260494,8.103761331848379,85.94624058539257,55.371122180901345,38.68263723370611,24,orthorhombic
mp-555556,SiO2,Si16 O32,Pbam,8.34821239,9.76190387,9.78529686,90.0,90.0,90.0,48,orthorhombic
mp-555676,SiO2,Si8 O16,Pnnn,4.521437,8.271913,9.4753,90.0,90.0,90.0,24,orthorhombic
mp-555700,SiO2,Si16 O32,I4_1/amd,9.15526976240884,9.155288112007554,12.157176475279075,112.11537197961498,112.11537143100088,90.00037254834592,48,tetragonal
mp-555740,SiO2,Si8 O16,Ia-3,7.315368265451927,7.315370164555958,7.31536866,109.47121920962496,109.47122446846757,109.47121929559637,24,cubic
mp-555791,SiO2,Si48 O96,Im-3m,17.78282534519425,17.78282534519425,17.78282534519425,109.47122063449069,109.47122063449069,109.47122063449069,144,cubic
mp-555823,SiO2,Si12 O24,P622,12.884284646424419,12.884284646424419,3.884577,90.0,90.0,120.00000331932242,36,hexagonal
mp-555891,SiO2,Si4 O8,P2_1,8.464716,5.186797,5.226512026024622,60.78428036133111,90.0,90.0,12,monoclinic
mp-555960,SiO2,Si16 O32,P-1,10.104981,12.955310771197155,13.102212224931101,93.70148579622854,95.66514903927784,91.60611656752052,48,triclinic
mp-556027,SiO2,Si6 O12,R-3c,9.598778049532607,9.598778049532607,9.5987776822471,117.33407439294184,117.33407439294184,117.33406562042234,18,trigonal
mp-556044,SiO2,Si12 O24,P-31c,12.36937836631805,12.36937836631805,5.136851,90.0,90.0,120.00000195930679,36,trigonal
mp-556068,SiO2,Si24 O48,Im-3m,15.987281019121514,15.987281019121514,15.987281019121514,109.47122063449069,109.47122063449069,109.47122063449069,72,cubic
mp-556088,SiO2,Si16 O32,Ccce,8.191127390411713,8.191127390411713,14.163088,90.0,90.0,101.98011591784305,48,orthorhombic
mp-556132,SiO2,Si8 O16,Pcca,4.224431,7.626827,8.497389,90.0,90.0,90.0,24,orthorhombic
mp-556218,SiO2,Si12 O24,Cmc2_1,5.05560177,11.162318320071357,11.162318811379825,102.18328390587075,90.0,90.0,36,orthorhombic
mp-556257,SiO2,Si48 O96,Fd-3c,15.562064023109597,15.562064023109597,15.562064023109597,60.00000000000001,60.00000000000001,60.00000000000001,144,cubic
mp-556262,SiO2,Si16 O32,P-1,7.378831745669351,11.39858635686446,11.56562521867163,104.67317170863488,94.34907044633403,96.21593319005123,48,triclinic
mp-556319,SiO2,Si4 O8,P1,5.038951,5.51942795009211,6.232714262167085,89.29506292655007,89.83510023586228,89.3918118138968,12,triclinic
mp-556376,SiO2,Si4 O8,P2,4.280687,4.318109,8.003325919034973,86.37849458529529,90.0,90.0,12,monoclinic
mp-556454,SiO2,Si16 O32,C222,5.05643292,13.035285055765396,13.03528359291877,101.6880522019688,90.0,90.0,48,orthorhombic
mp-556464,SiO2,Si12 O24,P-31c,8.288828332900374,8.288828332900374,7.546894,90.0,90.0,120.00000265713204,36,trigonal
mp-556469,SiO2,Si16 O32,P-1,5.017101113898664,12.679957592569721,14.824516561990679,103.14270879362283,90.93852110579657,100.65452291726531,48,triclinic
mp-556537,SiO2,Si12 O24,I2_13,8.81592903237787,8.81592903237787,8.81592903237787,109.47122063449069,109.47122063449069,109.47122063449069,36,cubic
mp-556553,SiO2,Si4 O8,C2,5.440845937698022,5.440845016221365,5.46294484789651,97.10367450787548,97.103679371351,100.65170539760075,12,monoclinic
mp-556564,SiO2,Si16 O32,P4/nnc,11.222309,11.222309,4.966429,90.0,90.0,90.0,48,tetragonal
mp-556588,SiO2,Si4 O8,P1,4.815082,4.858519482249815,5.9488507993649495,90.67733011069869,93.39711737676956,104.98269619953707,12,triclinic
mp-556591,SiO2,Si18 O36,Fmmm,11.133549899598764,11.13354921368459,11.236459126179868,111.51181615693373,111.51180886388752,105.06029097331158,54,orthorhombic
mp-556654,SiO2,Si24 O48,P2_1/c,4.97615435,13.859023276068061,17.33698637688376,105.96438047886208,90.0,90.0,72,monoclinic
mp-556662,SiO2,Si4 O8,C2,5.120389615309598,5.120389330259928,6.755295380141917,98.64010147877255,98.64009882191355,96.15911905156555,12,monoclinic
mp-556788,SiO2,Si4 O8,P1,5.277893,5.502236586324692,5.99978773433819,95.81915905894354,99.90487507278199,118.12059154493582,12,triclinic
mp-556812,SiO2,Si6 O12,R-3c,5.927344803358245,5.927344803358245,5.927344951556388,89.14851939262893,89.14851939262893,89.14852504850991,18,trigonal
mp-556880,SiO2,Si4 O8,P1,5.177583,5.58992294888901,6.596262795678854,110.13953328353028,90.20262969685577,96.96598225959357,12,triclinic
mp-556882,SiO2,Si16 O32,P2_1/c,7.87961841,8.826654209463006,8.825793207368994,90.30224167800732,90.0,90.0,48,monoclinic
mp-556961,SiO2,Si8 O16,P2_12_12_1,7.01260948,7.01170388,6.87585118,90.0,90.0,90.0,24,orthorhombic
mp-556963,SiO2,Si12 O24,P-31m,11.74119102999883,11.74119102999883,4.447084,90.0,90.0,120.00000580385525,36,trigonal
mp-556985,SiO2,Si4 O8,P1,4.914998625102985,7.603487036105155,7.1023150412648794,122.78070449051341,77.74426597389878,113.89987450269703,12,triclinic
mp-556994,SiO2,Si4 O8,P1,5.112160979610927,5.239996424848033,6.955231002246651,72.83866862440394,75.08631717908635,85.24015631453105,12,triclinic
mp-557004,SiO2,Si12 O24,P1,8.905285931162393,9.129544390367043,9.168089530194889,111.54750548468567,98.15484888701783,98.9426815363734,36,triclinic
mp-557017,SiO2,Si16 O32,P4/nnc,11.278821,11.278821,5.1638,90.0,90.0,90.0,48,tetragonal
mp-557024,SiO2,Si48 O96,Pm-3n,14.28400616,14.28400616,14.28400616,90.0,90.0,90.0,144,cubic
mp-557076,SiO2,Si12 O24,R-3c,10.906729842919967,10.906729842919967,10.90672962331294,43.33980553004073,43.33980553004073,43.33980333934439,36,trigonal
mp-557118,SiO2,Si4 O8,C222_1,4.72569443,5.901860311044787,5.901858866535289,94.54939275818406,90.0,90.0,12,orthorhombic
mp-557134,SiO2,Si4 O8,C2,5.354936453074881,5.3549377798400375,6.914448174173236,106.55578818073545,106.55579814536435,101.08775493740715,12,monoclinic
mp-557194,SiO2,Si6 O12,P-31m,8.784467613119192,8.784467613119192,4.29823,90.0,90.0,119.99999708624024,18,trigonal
mp-557211,SiO2,Si24 O48,P6_3/mcm,13.66606743,13.666067420192814,8.96418908,90.0,90.0,120.00000004794477,72,hexagonal
mp-557244,SiO2,Si4 O8,I2_12_12_1,8.37426139201673,8.37426139201673,8.37426139201673,150.60522522044207,147.6554191067627,44.26621936223958,12,orthorhombic
mp-557264,SiO2,Si16 O32,Pc,8.47620994,8.822964770191033,10.340690510230006,90.00075918751614,90.0,90.0,48,monoclinic
mp-557465,SiO2,Si8 O16,Pccn,4.71155729,8.09259956,8.53061019,90.0,90.0,90.0,24,orthorhombic
mp-557591,SiO2,Si24 O48,Pm-3n,10.795491,10.795491,10.795491,90.0,90.0,90.0,72,cubic
mp-557653,SiO2,Si4 O8,Pm,5.659033,4.946422,5.389372870520002,71.37840168872118,90.0,90.0,12,monoclinic
mp-557723,SiO2,Si12 O24,P6_422,6.866243365564973,6.866243365564973,13.588059,90.0,90.0,119.99999388692157,36,hexagonal
mp-557771,SiO2,Si12 O24,R-3c,11.005151265231433,11.005151265231433,11.005151911812666,114.35565716195757,114.35565716195757,114.35565699440635,36,trigonal
mp-557814,SiO2,Si48 O96,Pm-3n,13.191978,13.191978,13.191978,90.0,90.0,90.0,144,cubic
mp-557837,SiO2,Si4 O8,C2/c,4.875859960993195,5.0780985344786185,8.479901810284565,75.44084342296638,73.29081845742581,61.316375398858945,12,monoclinic
mp-557873,SiO2,Si4 O8,P1,4.933880672010725,7.1838973379617554,7.004500953421164,122.92115518033391,83.64618444271518,109.08100450029403,12,triclinic
mp-557881,SiO2,Si12 O24,Cm,8.93158372530169,9.181130417853986,9.181129965908074,110.86644491128251,98.71155928628434,98.71155497923624,36,monoclinic
mp-557894,SiO2,Si32 O64,P2_1/m,22.284912,7.500817,11.652325763548708,85.17489070686774,90.0,90.0,96,monoclinic
mp-557930,SiO2,Si8 O16,I-42m,7.673796059694433,7.67379581737364,7.673796755787787,106.7164067308627,106.71640612511524,115.13361306981858,24,tetragonal
mp-557933,SiO2,Si24 O48,Imma,8.373700529430046,13.213564561195623,13.213564228984398,66.65160701802304,71.52686577362253,71.52686354955547,72,orthorhombic
mp-558025,SiO2,Si36 O72,Pnnm,7.44307693,14.147415,18.72567969,90.0,90.0,90.0,108,orthorhombic
mp-558115,SiO2,Si40 O80,R-3,16.130705610642735,16.130705610642735,16.130705405962257,51.12487715306681,51.12487715306681,51.12487870141674,120,trigonal
mp-558200,SiO2,Si8 O16,P-4n2,7.03307129,6.85758117,6.85758117,90.0,90.0,90.0,24,tetragonal
mp-558203,SiO2,Si32 O64,P4/mbm,15.80455,15.80455,9.959237,90.0,90.0,90.0,96,tetragonal
mp-558301,SiO2,Si16 O32,C2/m,13.484890684655957,13.484890684655957,5.451611860572706,84.74048978733825,84.74048978733825,88.33778408095695,48,monoclinic
mp-558326,SiO2,Si36 O72,Imma,14.073554231526769,14.073554231526769,14.073554231526769,118.68590145045697,114.98069211993324,95.60556298923106,108,orthorhombic
mp-558351,SiO2,Si12 O24,C2/m,8.927109815508544,9.199572469061259,9.19957348013891,111.0126676501274,98.7231196492652,98.72310623376049,36,monoclinic
mp-558366,SiO2,Si8 O16,Pban,3.878788,8.748041,9.840364,90.0,90.0,90.0,24,orthorhombic
mp-558374,SiO2,Si24 O48,Pa-3,10.43603892,10.43603892,10.43603892,90.0,90.0,90.0,72,cubic
mp-558564,SiO2,Si12 O24,C2/m,4.940225741181517,13.244391685288807,13.244392862867631,115.26567389288724,75.12075492428569,75.12074988736606,36,monoclinic
mp-558569,SiO2,Si24 O48,R-3,10.342694666326615,10.342694666326615,10.342694210695102,83.91046774845938,83.91046774845938,83.91046549958833,72,trigonal
mp-558598,SiO2,Si12 O24,I432,9.321741561763016,9.321741561763016,9.321741561763016,109.47122063449069,109.47122063449069,109.47122063449069,36,cubic
mp-558733,SiO2,Si6 O12,C2/c,6.854984384411681,6.854984384411681,4.643195461499548,79.67772193811591,79.67772193811591,43.30501584475744,18,monoclinic
mp-558891,SiO2,Si12 O24,Ia-3d,8.773574940166682,8.773574345937554,8.77357503,109.47122221390778,109.4712208419049,109.47121856648454,36,cubic
mp-558931,SiO2,Si48 O96,Fm-3c,15.31061119486541,15.31061119486541,15.31061119486541,60.00000000000001,60.00000000000001,60.00000000000001,144,cubic
mp-558947,SiO2,Si48 O96,P4/nmm,19.607762,19.607762,7.49645,90.0,90.0,90.0,144,tetragonal
mp-559091,SiO2,Si4 O8,P6_322,5.06907469,5.069073086979099,8.55848854,90.0,90.0,120.00000400044905,12,hexagonal
mp-559273,SiO2,Si24 O48,P6_222,17.373586146502337,17.373586146502337,13.02581,90.0,90.0,120.00000055788807,72,hexagonal
mp-559313,SiO2,Si8 O16,Cmce,6.827343239032615,6.827344181582337,8.9926986,90.0,90.0,97.35351771639448,24,orthorhombic
mp-559347,SiO2,Si16 O32,P4_2/nbc,8.07131941,8.98643679,8.98643679,90.0,90.0,90.0,48,tetragonal
mp-559360,SiO2,Si24 O48,P2_1/m,7.414627086287416,9.74592779021657,19.53026663,90.0,90.0,98.8424492340161,72,monoclinic
mp-559389,SiO2,Si6 O12,R-3,6.042959476846175,6.042959476846175,6.042958662433494,88.00565192289535,88.00565192289535,88.00565774617503,18,trigonal
mp-559550,SiO2,Si6 O12,R-3,7.591828522626955,7.591828868329437,7.5918297108816475,110.71457257522937,110.7145612282994,110.71454839485673,18,trigonal
mp-559605,SiO2,Si6 O12,R-3m,8.536392369698161,8.536392369698161,8.536392671486476,116.18833456997028,116.18833456997028,116.18832992124116,18,trigonal
mp-559740,SiO2,Si12 O24,P6_3/mmc,10.01794969,10.017950444947962,10.21391857,90.0,90.0,119.99999747410665,36,hexagonal
mp-559829,SiO2,Si48 O96,Ia-3d,18.136577670081312,18.136577670081312,18.136577670081312,109.47122063449069,109.47122063449069,109.47122063449069,144,cubic
mp-559860,SiO2,Si8 O16,Ccce,5.7649825075189955,5.7649825075189955,11.3143,90.0,90.0,94.07576733941696,24,orthorhombic
mp-559872,SiO2,Si12 O24,P4_32_12,7.52578722,7.52578722,8.68358089,90.0,90.0,90.0,36,tetragonal
mp-559928,SiO2,Si6 O12,P6_3/mmc,9.14542171,9.145421577157494,5.21703544,90.0,90.0,120.00000406141274,18,hexagonal
mp-559962,SiO2,Si24 O48,Fm-3m,13.49717387178415,13.497173352786321,13.49717336,59.99999998232027,60.00000125431321,60.000000979222726,72,cubic
mp-560064,SiO2,Si32 O64,C2/c,12.676127835013538,12.676127835013538,14.553296205694055,73.37131470154726,73.37131470154726,90.205771735956,96,monoclinic
mp-560131,SiO2,Si8 O16,I-42m,9.515788325645385,9.515788325645385,9.515788325645385,94.17638640088894,94.17638640088894,148.68752275044173,24,tetragonal
mp-560152,SiO2,Si16 O32,P-42_1c,11.593486,11.593486,5.1922,90.0,90.0,90.0,48,tetragonal
mp-560155,SiO2,Si18 O36,P2/c,7.4000994787714784,8.76051178,15.775092826087658,90.0,91.15343238586037,90.0,54,monoclinic
mp-560203,SiO2,Si12 O24,Pbcn,4.84142187,8.68775542,10.43821243,90.0,90.0,90.0,36,orthorhombic
mp-560336,SiO2,Si32 O64,Imma,15.7879588711855,15.7879588711855,15.7879588711855,148.4588575598113,104.63612717152569,83.97604605536206,96,orthorhombic
mp-560527,SiO2,Si8 O16,Cmcm,7.047745163203406,7.0477454112293305,8.98645132,90.0,90.0,94.49364272301662,24,orthorhombic
mp-560708,SiO2,Si28 O56,P2/m,8.562994,12.580356,15.231533977801218,74.07655881366868,90.0,90.0,84,monoclinic
mp-560754,SiO2,Si16 O32,P4/nbm,12.372788,12.372788,4.374808,90.0,90.0,90.0,48,tetragonal
mp-560809,SiO2,Si24 O48,Cmcm,8.58754618,12.633230384978921,12.63322904604346,109.46973569387511,90.0,90.0,72,orthorhombic
mp-560826,SiO2,Si12 O24,Cmcm,5.23534552,11.322182079972261,11.322180945768325,103.51227349650077,90.0,90.0,36,orthorhombic
mp-560836,SiO2,Si12 O24,P23,8.793326,8.793326,8.793326,90.0,90.0,90.0,36,cubic
mp-560920,SiO2,Si32 O64,Cmcm,15.219593555449896,15.219593555449896,8.608622,90.0,90.0,101.31730688403158,96,orthorhombic
mp-560941,SiO2,Si32 O64,Cmcm,11.506162652476497,11.506162652476497,19.944881,90.0,90.0,129.13649298416047,96,orthorhombic
mp-560954,SiO2,Si8 O16,I4_122,12.071190396555055,12.071190396555055,12.071190396555055,152.1292452668902,152.1292452668902,39.82459140031265,24,tetragonal
mp-560973,SiO2,Si18 O36,Cmcm,7.50540317,10.15408333179316,14.01310505,90.0,90.0,111.68944971019596,54,orthorhombic
mp-560998,SiO2,Si18 O36,Cmmm,7.53229033,11.823039783605733,11.82303831181396,105.52135400167131,90.0,90.0,54,orthorhombic
mp-561090,SiO2,Si34 O68,Fd-3m,14.153149518954711,14.153149518954711,14.153149518954711,60.00000000000001,60.00000000000001,60.00000000000001,102,cubic
mp-561181,SiO2,Si28 O56,Amm2,12.679032729757976,12.679032729757976,12.693834,90.0,90.0,114.89167374785276,84,orthorhombic
mp-561291,SiO2,Si8 O16,P-4c2,6.601238,6.601238,8.138442,90.0,90.0,90.0,24,tetragonal
mp-561301,SiO2,Si48 O96,Pn-3m,12.646489,12.646489,12.646489,90.0,90.0,90.0,144,cubic
mp-561351,SiO2,Si24 O48,Pmmn,5.23380392,11.32811166,21.92522312,90.0,90.0,90.0,72,orthorhombic
mp-561488,SiO2,Si12 O24,R-3m,10.782833083004842,10.782833083004842,10.782832470513869,115.24566338659548,115.24566338659548,115.24566233850669,36,trigonal
mp-562490,SiO2,Si4 O8,C2/c,5.0849171692142905,6.900162183494431,6.900161640337657,75.39616517834277,71.34769169068218,71.34770089324796,12,monoclinic
mp-572283,SiO2,Si16 O32,P4/n,11.772237,11.772237,4.375244,90.0,90.0,90.0,48,tetragonal
mp-600000,SiO2,Si8 O16,Imma,9.55350701,5.24667292,8.88334945,90.0,90.0,90.0,24,orthorhombic
mp-600001,SiO2,Si5 O10,P-4m2,6.91141994,6.91141994,6.41851438,90.0,90.0,90.0,15,tetragonal
mp-600002,SiO2,Si8 O16,P4_2/mmc,7.14179583,7.14179583,8.82087107,90.0,90.0,90.0,24,tetragonal
mp-600003,SiO2,Si16 O32,I4/mmm,13.03405186,13.03405186,5.24807107,90.0,90.0,90.0,48,tetragonal
mp-600004,SiO2,Si12 O24,Cmcm,7.50310009,16.19814551,5.23004209,90.0,90.0,90.0,36,orthorhombic
mp-600005,SiO2,Si16 O32,Im-3m,9.88295788,9.88295788,9.88295788,90.0,90.0,90.0,48,cubic
mp-600006,SiO2,Si20 O40,P4/mcc,8.49887142,8.49887142,13.97640642,90.0,90.0,90.0,60,tetragonal
mp-600007,SiO2,Si12 O24,Pmma,9.77799132,7.54459249,9.44050952,90.0,90.0,90.0,36,orthorhombic
mp-600014,SiO2,Si24 O48,Pnma,7.53766176,12.96727114,13.52520136,90.0,90.0,90.0,72,orthorhombic
mp-600015,SiO2,Si24 O48,P4/nmm,13.629275,13.629275,7.63685586,90.0,90.0,90.0,72,tetragonal
mp-600016,SiO2,Si16 O32,I4_1/amd,9.79074992,9.79074992,10.11435594,90.0,90.0,90.0,48,tetragonal
mp-600018,SiO2,Si24 O48,Cmme,8.54646524,15.26932189,9.62007824,90.0,90.0,90.0,72,orthorhombic
mp-600022,SiO2,Si32 O64,Pmmn,7.034937,13.681159,22.422521,90.0,90.0,90.0,96,orthorhombic
mp-600023,SiO2,Si10 O20,Fm-3m,9.602511799711726,9.602511799711726,9.602511799711726,60.00000000000001,60.00000000000001,60.00000000000001,30,cubic
mp-600024,SiO2,Si32 O64,Pnma,8.519192,14.198571,16.049878,90.0,90.0,90.0,96,orthorhombic
mp-600026,SiO2,Si12 O24,Pnnm,4.97822466,8.2739409,14.05082491,90.0,90.0,90.0,36,orthorhombic
mp-600027,SiO2,Si24 O48,Cmcm,13.08069181,21.58936709,5.24156576,90.0,90.0,90.0,72,orthorhombic
mp-600028,SiO2,Si24 O48,Ia-3d,11.719889296141659,11.719889296141659,11.719889296141659,109.47122063449069,109.47122063449069,109.47122063449069,72,cubic
mp-600029,SiO2,Si24 O48,Cmcm,5.23309703,14.08017597,17.16209978,90.0,90.0,90.0,72,orthorhombic
mp-600031,SiO2,Si20 O40,Imma,12.25741512714054,12.25741512714054,12.25741512714054,140.1482600857049,113.35813785328688,80.55025743283777,60,orthorhombic
mp-600032,SiO2,Si24 O48,Cmcm,9.28407205114201,9.28407205114201,18.43126129,90.0,90.0,94.53472724470072,72,orthorhombic
mp-600033,SiO2,Si12 O24,Im-3m,8.93923869,8.93923869,8.93923869,90.0,90.0,90.0,36,cubic
mp-600037,SiO2,Si16 O32,Imma,14.973415814634812,14.973415814634812,14.973415814634812,159.81116259684725,124.28965492919473,59.87175552413759,48,orthorhombic
mp-600038,SiO2,Si10 O20,Pmma,13.81934545,6.91058365,6.41899888,90.0,90.0,90.0,30,orthorhombic
mp-600039,SiO2,Si24 O48,Cmcm,15.8848319,9.52246335,8.55610682,90.0,90.0,90.0,72,orthorhombic
mp-600041,SiO2,Si16 O32,Cmce,10.918148047130563,10.918148047130563,10.14482304,90.0,90.0,133.14031532240043,48,orthorhombic
mp-600045,SiO2,Si16 O32,Cmce,10.676450327335386,10.676450327335386,10.37960632,90.0,90.0,130.79603353442164,48,orthorhombic
mp-600049,SiO2,Si16 O32,C222_1,7.212937891883007,7.212937891883007,17.32623557,90.0,90.0,105.2684799364943,48,orthorhombic
mp-600050,SiO2,Si24 O48,Pmna,7.209538,9.851638,20.540995,90.0,90.0,90.0,72,orthorhombic
mp-600051,SiO2,Si24 O48,Cmce,8.798604077194783,8.798604077194783,19.22255767,90.0,90.0,117.30194267205002,72,orthorhombic
mp-600052,SiO2,Si20 O40,Cmcm,13.754331152343578,13.754331152343578,8.35908103,90.0,90.0,138.5653674156539,60,orthorhombic
mp-600053,SiO2,Si28 O56,Pmmn,5.23705395,22.45374876,13.97235134,90.0,90.0,90.0,84,orthorhombic
mp-600054,SiO2,Si64 O128,P4_122,12.729156,12.729156,26.407933,90.0,90.0,90.0,192,tetragonal
mp-600055,SiO2,Si28 O56,Amm2,12.447344717152506,12.447344717152506,12.55000624,90.0,90.0,124.31872459226625,84,orthorhombic
mp-600057,SiO2,Si24 O48,Imma,13.555007895704595,13.555007895704595,13.555007895704595,135.63974699197234,124.68060088234455,73.50336659185554,72,orthorhombic
mp-600059,SiO2,Si17 O34,P-4,13.074011790000148,13.074011790000148,4.99308042,90.0,90.0,90.0,51,tetragonal
mp-600060,SiO2,Si48 O96,Pnma,9.768834,12.322808,23.00047,90.0,90.0,90.0,144,orthorhombic
mp-600061,SiO2,Si24 O48,Pmma,19.81695247,7.60287932,9.06308853,90.0,90.0,90.0,72,orthorhombic
mp-600063,SiO2,Si24 O48,Cmcm,13.680296627877766,13.680296627877766,7.52367217,90.0,90.0,97.16150958711074,72,orthorhombic
mp-600065,SiO2,Si24 O48,Cmce,11.407819905755167,11.407819905755167,9.71571105,90.0,90.0,105.67593475079792,72,orthorhombic
mp-600067,SiO2,Si28 O56,I-4m2,14.628043313905861,14.628043313905861,14.628043313905861,124.6742954011586,124.6742954011586,82.07820875475403,84,tetragonal
mp-600068,SiO2,Si20 O40,Cccm,11.99396895,10.28546043,10.06611816,90.0,90.0,90.0,60,orthorhombic
mp-600070,SiO2,Si32 O64,Pbcm,7.007044,15.17347,17.424142,90.0,90.0,90.0,96,orthorhombic
mp-600071,SiO2,Si12 O24,Fmm2,12.165897125876585,10.65017933140158,8.79416692080276,76.80621969347585,58.46325608460374,44.73052422192043,36,orthorhombic
mp-600072,SiO2,Si48 O96,P4/nmm,18.581735,18.581735,9.39174,90.0,90.0,90.0,144,tetragonal
mp-600076,SiO2,Si40 O80,P4/nnc,8.739251,8.739251,27.938549,90.0,90.0,90.0,120,tetragonal
mp-600078,SiO2,Si18 O36,I4_1/amd,21.77822500025349,21.77822500025349,21.77822500025349,160.93319772088896,160.93319772088896,27.091963339515868,54,tetragonal
mp-600080,SiO2,Si64 O128,P4_2/mmc,13.046145,13.046145,25.713425,90.0,90.0,90.0,192,tetragonal
mp-600083,SiO2,Si60 O120,Pmmn,7.627858,18.274276,26.114808,90.0,90.0,90.0,180,orthorhombic
mp-600084,SiO2,Si32 O64,Ibam,16.321784606482375,16.321784606482375,16.321784606482375,150.19444267144766,125.96623456726105,62.933416811881365,96,orthorhombic
mp-600085,SiO2,Si32 O64,I4/mmm,16.816153276859755,16.816153276859755,16.816153276859755,137.36097269676887,137.36097269676887,61.88312179299014,96,tetragonal
mp-600091,SiO2,Si18 O36,Imm2,12.462025979783778,12.462025979783778,12.462025979783778,144.88389815478007,109.88634899035831,80.90083927927486,54,orthorhombic
mp-600096,SiO2,Si24 O48,I-43m,15.541785427059144,15.541785427059144,15.541785427059144,109.47122063449069,109.47122063449069,109.47122063449069,72,cubic
mp-600098,SiO2,Si32 O64,Cmcm,8.655909924014923,8.655909924014923,28.315475,90.0,90.0,109.77177239824128,96,orthorhombic
mp-600109,SiO2,Si60 O120,P4_2/ncm,10.069225,10.069225,34.484045,90.0,90.0,90.0,180,tetragonal
mp-600111,SiO2,Si32 O64,Cmcm,17.49059075870938,17.49059075870938,21.668651,90.0,90.0,162.62969297599363,96,orthorhombic
mp-604717,SiO2,Si12 O24,P4_12_12,9.584321,9.584321,9.889348,90.0,90.0,90.0,36,tetragonal
mp-615993,SiO2,Si14 O28,C2/m,5.23596825801485,12.16019524264947,13.054545829770477,108.5841216686218,101.56866381368633,89.9999992643201,42,monoclinic
mp-638033,SiO2,Si8 O16,P4_322,4.684624,4.684624,15.771199,90.0,90.0,90.0,24,tetragonal
mp-638035,SiO2,Si6 O12,R-3c,6.569973609715338,6.569973609715338,6.56997316702382,112.87502520775202,112.87502520775202,112.87503146367007,18,trigonal
mp-638038,SiO2,Si8 O16,P4/nbm,9.715639,9.715639,4.238039,90.0,90.0,90.0,24,tetragonal
mp-638049,SiO2,Si12 O24,F4_132,8.17881563841807,8.17881563841807,8.17881563841807,59.99999999999999,59.99999999999999,59.99999999999999,36,cubic
mp-639463,SiO2,Si6 O12,Pmma,5.23827461,7.44058448,8.12286306,90.0,90.0,90.0,18,orthorhombic
mp-639478,SiO2,Si24 O48,Pm-3m,11.8976794,11.8976794,11.8976794,90.0,90.0,90.0,72,cubic
mp-639480,SiO2,Si18 O36,P4_2/mmc,7.17367623,7.17367623,20.87529174,90.0,90.0,90.0,54,tetragonal
mp-639506,SiO2,Si24 O48,I2_12_12_1,8.13339803,9.15679409,17.34183576,90.0,90.0,90.0,72,orthorhombic
mp-639511,SiO2,Si16 O32,I4/mmm,11.06820054701186,11.06820054701186,11.06820054701186,101.62744205566827,101.62744205566827,126.64861615283715,48,tetragonal
mp-639512,SiO2,Si46 O92,Pm-3n,13.774841,13.774841,13.774841,90.0,90.0,90.0,138,cubic
mp-639558,SiO2,Si28 O56,Cmmm,12.559441631310133,12.559441631310133,12.57046576,90.0,90.0,114.89434743283738,84,orthorhombic
mp-639682,SiO2,Si10 O20,I-4m2,7.19367919,7.19367919,12.12717244,90.0,90.0,90.0,30,tetragonal
mp-639695,SiO2,Si16 O32,Pmma,14.29050876,7.16483369,9.05788454,90.0,90.0,90.0,48,orthorhombic
mp-639705,SiO2,Si20 O40,I4_1/amd,13.81037334,13.81037334,6.43389135,90.0,90.0,90.0,60,tetragonal
mp-639724,SiO2,Si16 O32,Cmcm,8.579230698000725,8.579230698000725,14.00437516,90.0,90.0,110.02721719426373,48,orthorhombic
mp-639733,SiO2,Si24 O48,Pca2_1,8.90819885,9.20297107,16.12354769,90.0,90.0,90.0,72,orthorhombic
mp-639734,SiO2,Si16 O32,I4/mmm,13.345863227101047,13.345863227101047,13.345863227101047,92.22072684485065,92.22072684485065,157.29455579584237,48,tetragonal
mp-639741,SiO2,Si24 O48,Im-3m,12.898434879839165,12.898434879839165,12.898434879839165,109.47122063449069,109.47122063449069,109.47122063449069,72,cubic
mp-639748,SiO2,Si36 O72,Pbcn,8.717017,14.848445,19.15093,90.0,90.0,90.0,108,orthorhombic
mp-640556,SiO2,Si24 O48,Cc,9.608650433353962,9.608650433353962,23.831418796634615,74.64007010731203,74.64007010731203,30.20606999938519,72,monoclinic
mp-640917,SiO2,Si3 O6,P3_221,4.740141662643638,4.740141662643638,6.759488,90.0,90.0,119.99999529142396,9,trigonal
mp-644923,SiO2,Si48 O96,I-4m2,15.907218172276446,15.907218172276446,15.907218172276446,100.6094751683639,100.6094751683639,129.18099375439786,144,tetragonal
mp-646895,SiO2,Si32 O64,C2/c,17.40926709388839,17.40926709388839,21.574063114144167,89.8761878574021,89.8761878574021,163.1009247278706,96,monoclinic
mp-651707,SiO2,Si28 O56,P1,5.0059193779563165,12.691271323319311,23.89479055818657,76.62368030819754,83.96967149507417,78.6371253029335,84,triclinic
mp-653763,SiO2,Si56 O112,Cmme,13.383713487205858,13.383713487205858,20.855891,90.0,90.0,116.84496194673699,168,orthorhombic
mp-662706,SiO2,Si28 O56,C2/m,8.360605415668788,12.495196246498926,15.649151396033355,105.66944595745255,105.49334656849317,89.99999805068013,84,monoclinic
mp-663422,SiO2,Si8 O16,P1,12.940813137217383,10.6742759736925,8.109509653957444,85.94592517077291,55.36502651340577,38.68904831582133,24,triclinic
mp-667368,SiO2,Si32 O64,Immm,15.822458925386565,15.822458925386565,15.822458925386565,148.19303040393515,105.00146703863024,83.76121118153247,96,orthorhombic
mp-667371,SiO2,Si56 O112,Pbcm,8.437512,12.520249,29.055481,90.0,90.0,90.0,168,orthorhombic
mp-667373,SiO2,Si56 O112,Pmna,8.550157,12.567605,29.319167,90.0,90.0,90.0,168,orthorhombic
mp-667376,SiO2,Si56 O112,Cmce,13.239697771837582,13.239697771837582,29.168315,90.0,90.0,142.55378931309886,168,orthorhombic
mp-667377,SiO2,Si56 O112,Cmce,13.229978258779605,13.229978258779605,29.206762,90.0,90.0,142.5722817460045,168,orthorhombic
mp-667383,SiO2,Si28 O56,C2/m,13.378379125350275,13.378379125350275,16.940020895779114,61.582708559955016,61.582708559955016,37.663065670711475,84,monoclinic
mp-667448,SiO2,Si48 O96,I-4,15.731546676008275,15.731546676008275,15.731546676008275,100.79775234126181,100.79775234126181,128.7052701994034,144,tetragonal
mp-669426,SiO2,Si8 O16,P2_1/c,4.89419588,8.522990359894921,8.692253292914316,110.84704362668326,90.0,90.0,24,monoclinic
mp-673168,SiO2,Si3 O6,C2,5.055445578029003,5.055445578029003,8.982226385762774,82.97918458053017,82.97918458053017,63.962690941359526,9,monoclinic
mp-680204,SiO2,Si22 O44,P1,7.354160015597866,9.613639104186472,16.105935610712187,72.67448255786135,89.50230948138729,88.39741296206623,66,triclinic
mp-680222,SiO2,Si48 O96,P6/mmm,22.928153284765393,22.928153284765393,9.833695,90.0,90.0,119.99999793618177,144,hexagonal
mp-683947,SiO2,Si8 O16,P-1,2.830772,11.44196118070412,11.608639547714239,89.16492513555943,83.22187994507222,83.46494507228954,24,triclinic
mp-683952,SiO2,Si48 O96,Pm-3n,13.083924,13.083924,13.083924,90.0,90.0,90.0,144,cubic
mp-683953,SiO2,Si48 O96,Ia-3d,14.418366880965127,14.418366880965127,14.418366880965127,109.47122063449069,109.47122063449069,109.47122063449069,144,cubic
mp-683970,SiO2,Si64 O128,Pmmm,9.748698,20.486218,20.598196,90.0,90.0,90.0,192,orthorhombic
mp-685184,SiO2,Si30 O60,P1,4.986899,5.105057827598528,59.14157429933582,88.8934824719444,88.45343892175646,61.135806289744316,90,triclinic
mp-6922,SiO2,Si3 O6,P6_222,5.06108903,5.061088487363102,5.54050141,90.0,90.0,119.99999707599422,9,hexagonal
mp-6930,SiO2,Si3 O6,P3_221,4.91657878455832,4.916536830251864,5.431625250128712,89.99899463656403,90.00030918023414,119.99537328243159,9,trigonal
mp-6945,SiO2,Si4 O8,P4_12_12,4.99264721,4.99264721,6.93392642,90.0,90.0,90.0,12,tetragonal
mp-6947,SiO2,Si2 O4,P4_2/mnm,4.233169,4.233169,2.693495,90.0,90.0,90.0,6,tetragonal
mp-7000,SiO2,Si3 O6,P3_121,4.914966,4.914966353455409,5.43130114,90.0,90.0,119.99999127648242,9,trigonal
mp-7029,SiO2,Si4 O8,P4_32_12,4.97558882,4.97558882,6.90088944,90.0,90.0,90.0,12,tetragonal
mp-7087,SiO2,Si4 O8,P6_3/mmc,5.232809572449271,5.2328093771863875,8.53982323,89.99999974733275,89.99999941213856,119.99991269636749,12,hexagonal
mp-733790,SiO2,Si24 O48,P1,8.661415889071282,8.656796953089419,16.444205249928654,88.53823592627737,91.48332618055186,120.50312011526448,72,triclinic
mp-7648,SiO2,Si4 O8,C222_1,5.00538596,5.1768514731956286,8.18726759,90.0,90.0,118.91025793640843,12,orthorhombic
mp-7905,SiO2,Si2 O4,Ibam,4.86415390246824,4.86415390246824,4.86415390246824,121.82653232878882,107.36001263725775,100.03652570330402,6,orthorhombic
mp-8059,SiO2,Si8 O16,P2_13,7.08175196,7.08175196,7.08175196,90.0,90.0,90.0,24,cubic
mp-8352,SiO2,Si2 O4,Fd-3m,5.231694050214519,5.231694050214519,5.231694050214519,60.00000000000001,60.00000000000001,60.00000000000001,6,cubic
mp-8602,SiO2,Si34 O68,P6/mmm,14.280568287112423,14.280568287112423,11.468936,90.0,90.0,120.00000133014348,102,hexagonal
mp-9258,SiO2,Si4 O8,Pa-3,4.487931,4.487931,4.487931,90.0,90.0,90.0,12,cubic
mp-972808,SiO2,Si4 O8,P2_1,8.17971366,4.9307837217927135,5.005058518179997,61.63223917167753,90.0,90.0,12,monoclinic
mp-985570,SiO2,Si8 O16,P2_1/c,5.1127873248027935,8.15611485,8.128883722793123,90.0,92.95677347736456,90.0,24,monoclinic
mp-985590,SiO2,Si8 O16,Pnnm,4.95800694,8.74132278,8.67864274,90.0,90.0,90.0,24,orthorhombic
